title, author, price, rating
"Data Science for Beginners: Comprehensive Guide to Most Important Basics in Data Science","by Alex Campbell",16.44,4.0
"Data Science with Jupyter: Master Data Science skills with easy-to-follow Python examples","by Prateek Gupta",11.73,4.0
"Big Data: A Complete Guide to the Basic Concepts in Data Science, Cyber Security, Analytics and Metrics: 2","by Hans Weber",18.80,3.7
"Data Science: What the Best Data Scientists Know About Data Analytics, Data Mining, Statistics, Machine Learning, and Big Data – That You Don't","by Herbert Jones",20.31,4.0
"Data-Driven Science and Engineering: Machine Learning, Dynamical Systems, and Control","by Steven L. Brunton and J. Nathan Kutz",99.39,4.6
"Data Analytics for Absolute Beginners: Make Decisions Using Every Variable: (Introduction to Data, Data Visualization, Business Intelligence & Machine Learning) (Python for Data Science Book 2)","by Oliver Theobald",0.00,4.3
"Data Science from Scratch: First Principles with Python","by Joel Grus",62.21,4.5
"Feature Engineering and Selection: A Practical Approach for Predictive Models","by Max Kuhn and Kjell Johnson",124.75,4.5
"Python Data Science Handbook: Essential Tools for Working with Data","by Jake Vanderplas",42.35,4.5
"Data Science on AWS: Implementing End-To-End, Continuous AI and Machine Learning Pipelines","by Chris Fregly",64.21,4.6
"R for Data Science: Import, Tidy, Transform, Visualize, and Model Data","by Hadley Wickham",61.06,4.7
"Data Science and Machine Learning: Mathematical and Statistical Methods","by Dirk P. Kroese, Zdravko Botev, et al.",135.54,4.7
"Data Science for Beginners: Comprehensive Guide to Most Important Basics in Data Science","by Alex Campbell",16.44,4.0
"I'M A DATA SCIENTIST EXTRAPOLATION IS MY HOBBY: Funny Data Science Journal Note Book Diary Log Scrap Tracker Gift Present Party Prize 6x9 Inch 100 Pages","by M R F",10.15,
"Machine Learning: The complete Math Guide to Master Data Science with Python and Developing Artificial Intelligence","by Matt Algore",0.00,4.0
"Getting Started with Streamlit for Data Science: Create and deploy Streamlit web applications from scratch in Python","by Tyler Richards",31.56,5.0
"Machine Learning With Python For Beginners: A Step-By-Step Guide with Hands-On Projects (Learn Coding Fast with Hands-On Project Book 7)","by Jamie Chan",0.00,5.0
"Dr Karl's Little Book of Climate Change Science","by Dr. Karl Kruszelnicki",7.99,4.6
"Data Science with Jupyter: Master Data Science skills with easy-to-follow Python examples","by Prateek Gupta",11.73,4.0
"Data Science","by John D. Kelleher",20.25,4.4
"Amazing Trains: Part 2: A Giant Activity & Coloring Book","by Lindsay Turlan",13.37,
"Python for Data Science: A Guide to Learn in Depth How to Use This Programming Language to Reorder Data While Remaining Focused on Your Specific Purposes.","by Dylan Penny",22.58,4.8
"Python For Beginners: Learn From Scratch the Most Used Programming Language of the Moment in Just 15 Days.","by Dylan Penny",23.36,4.0
"Machine Learning in Business: An Introduction to the World of Data Science","by John C Hull",42.15,
"Data Science: What the Best Data Scientists Know About Data Analytics, Data Mining, Statistics, Machine Learning, and Big Data – That You Don't","by Herbert Jones",20.31,4.0
"Data Visualization with Python for Beginners: Visualize Your Data using Pandas, Matplotlib and Seaborn","by AI Publishing",25.44,4.0
"The Data Science Handbook: Advice and Insights from 25 Amazing Data Scientists","by Carl Shan, William Chen, et al.",46.06,4.5
"Data Science and Big Data Analytics: Discovering, Analyzing, Visualizing and Presenting Data","by EMC Education Services",63.75,4.3
"Machine Learning for Absolute Beginners: A Plain English Introduction (Third Edition) (Python for Data Science Book 3)","by Oliver Theobald",0.00,4.4
"Practical Statistics for Data Scientists: 50+ Essential Concepts Using R and Python","by Peter Bruce",57.00,4.6
"Practical Data Science with R","by John Mount and Nina Zumel",75.65,4.6
"Storytelling with Data: A Data Visualization Guide for Business Professionals","by Cole Nussbaumer Knaflic",37.80,4.6
"Bayesian Data Analysis","by Andrew Gelman, John B. Carlin, et al.",129.71,4.7
"Candide (classics illustrated)","by candide Voltaire",4.15,3.4
"Agile Data Science, 2.0: Building Full-Stack Data Analytics Applications with Spark","by Russell Jurney",74.48,4.1
"The Data Science Design Manual","by Steven S. Skiena",114.35,4.7
"Big Data Conflict Forecasting: Operationalizing the Data Science Team","by Joint Special Operations University",2.74,
"Big Data: A Complete Guide to the Basic Concepts in Data Science, Cyber Security, Analytics and Metrics: 2","by Hans Weber",18.80,3.7
"Build A Career in Data Science","by Emily Robinson and Jacqueline Nolis",62.74,4.7
"Hands-On Data Analysis with Pandas: A Python data science handbook for data collection, wrangling, analysis, and visualization, 2nd Edition","by Stefanie Molin and Ken Jee",,3.4
"Python for Data Science For Dummies","by John Paul Mueller and Luca Massaron",38.22,4.3
"Business: Business Development, Lean Startup, Marketing Plan, Selling Strategy, Sales Management, Administration Basics, Financial Analysis, Analytics, Credit Cards, Data Science & Technology.","by Jerry Ramonyai",0.00,
"Intro to Python for Computer Science and Data Science: Learning to Program with AI, Big Data and The Cloud","by J. Deitel, Paul and M. Deitel, Harvey",122.95,4.7
"Business Data Science: Combining Machine Learning and Economics to Optimize, Automate, and Accelerate Business Decisions","by Matt Taddy",30.80,4.4
"Data Science for Business: What You Need to Know about Data Mining and Data-Analytic Thinking","by Foster Provost",,4.5
"Machine Learning, Data Science and Deep Learning with Python (Proceedings of AICTE Sponsored Faculty Development Programme 2021)","by Dr Chandrani  Singh and 24by7 Publishing",4.20,
"Python for Data Science: Comprehensive Guide to Data Science with Python","by Alex Campbell",16.44,4.6
"Statistics: The Art and Science of Learning from Data, Global Edition","by Alan Agresti, A. Franklin, Christine, et al.",75.00,4.4
"Data Science For Dummies","by Lillian Pierson",54.18,
"Trader Construction Kit: Fundamental & Technical Analysis, Risk Management, Directional Trading, Spreads, Options, Quantitative Strategies, Execution, Position Management, Data Science & Programming","by Joel Rubano",141.57,4.7
"Data Modeling Essentials","by Graeme Simsion, Graham Witt, et al.",85.95,4.1
"Big Data MBA: Driving Business Strategies with Data Science","by Bill Schmarzo",52.85,4.3
"Storytelling with Data: Let's Practice!","by Cole Nussbaumer Knaflic",39.40,4.7
"Information Management: Information Systems, Data Science Engineering, Design, Architecture, Extraction, Retrieval, Concepts, Strategies, Security, Best practices, Rules, Operations & Technology.","by Jerry Ramonyai",0.00,
"97 Things about Ethics Everyone in Data Science Should Know: Collective Wisdom from the Experts","by Bill Franks",60.06,4.8
"Stanley Thornes Maths Level 2 Data Handling Textbook: Data Handling Textbook - England","by Buchanan et al",21.45,
"Quantum Physics For Beginners: The Step by Step Guide To Discover All The Mind-Blowing Secrets Of Quantum Physics And How You Unknowingly Use Its Most Famous Theories Every Day","by Michael Rutherford",20.99,4.8
"Python for Data Analysis: A Practical Guide for Manipulating, Processing, Cleaning, and Crunching Data Sets in Python. How to Effectively Solve a Wide Range of Data Analysis Problems.","by Dylan Penny",23.36,4.3
"Python Programming: 3 Books in 1: The Complete Beginner’s Guide to Learning the Most Popular Programming Language","by Dylan Penny",35.06,4.1
"Big History - A Journey From The Big Bang To The Modern World And Into The Future","by Mr Giuseppe Ferrone",43.99,
"Amazing Trains: Part 2: A Giant Activity & Coloring Book","by Lindsay Turlan",13.37,
"Machine Learning in Business: An Introduction to the World of Data Science","by John C Hull",42.15,
"Python for Data Science: A Guide to Learn in Depth How to Use This Programming Language to Reorder Data While Remaining Focused on Your Specific Purposes.","by Dylan Penny",22.58,4.8
"Big History - A Journey From The Big Bang To The Modern World And Into The Future","by Mr Giuseppe Ferrone",43.99,
"5 year monthly planner 2020-2024: Monthly Schedule Organizer - Agenda Planner For The Next Five Years, 60 Months Calendar, Appointment Notebook Large Size | playing guitar design","by Kimberly Pretty Planner",11.25,3.9
"Python for Data Analysis: A Practical Guide for Manipulating, Processing, Cleaning, and Crunching Data Sets in Python. How to Effectively Solve a Wide Range of Data Analysis Problems.","by Dylan Penny",23.36,4.3
"Information Management: Information Systems, Data Science Engineering, Design, Architecture, Extraction, Retrieval, Concepts, Strategies, Security, Best practices, Rules, Operations & Technology.","by Jerry Ramonyai",0.00,
"Data Mining: The Textbook","by Charu C. Aggarwal",34.41,4.2
"Information Dashboard Design: Displaying Data for At-A-Glance Monitoring","by Stephen Few",36.48,4.4
"The Book of Why: The New Science of Cause and Effect","by Judea Pearl",19.25,4.5
"Becoming a Data Head: How to Think, Speak, and Understand Data Science, Statistics, and Machine Learning","by Alex J. Gutman and Jordan Goldmeier",47.54,4.8
"Python for Data Analysis: A Beginners Guide to Master the Fundamentals of Data Science and Data Analysis by Using Pandas, Numpy and Ipython","by Brady Ellison",11.99,
"The Big Book of Dashboards: Visualizing Your Data Using Real-World Business Scenarios","by Steve Wexler, Jeffrey Shaffer, et al.",54.25,4.5
"ThermoPro TP53 Hygrometer Humidity Gauge Indicator Digital Indoor Thermometer Room Temperature and Humidity Monitor with Touch Backlight",,,4.6
"The Art of Statistics: How to Learn from Data","by David Spiegelhalter",42.93,4.6
"Python for Data Analysis: Data Wrangling with Pandas, NumPy, and IPython","by Wes McKinney",40.37,4.6
"The Art of Data Science","by Roger Peng and Elizabeth Matsui",32.48,4.6
"Simple Predictive Analytics: Using Excel to Solve Business Problems","by Curtis Seare",8.44,4.7
"SQL for Data Analytics: Perform fast and efficient data analysis with the power of SQL","by Upom Malik, Matt Goldwasser, et al.",38.99,4.3
"Cleaning Data for Effective Data Science: Doing the other 80% of the work with Python, R, and command-line tools","by David Mertz",51.99,5.0
"Python For Beginners: Learn From Scratch the Most Used Programming Language of the Moment in Just 15 Days.","by Dylan Penny",23.36,4.0
"Python for Data Analysis: A Practical Guide for Manipulating, Processing, Cleaning, and Crunching Data Sets in Python. How to Effectively Solve a Wide Range of Data Analysis Problems.","by Dylan Penny",23.36,4.3
"Not Necessarily Rocket Science: A Beginner's Guide to Life in the Space Age","by Kellie Gerardi",15.10,4.8
"Quantum Physics For Beginners: The Step by Step Guide To Discover All The Mind-Blowing Secrets Of Quantum Physics And How You Unknowingly Use Its Most Famous Theories Every Day","by Michael Rutherford",20.99,4.8
"Designing Data-Intensive Applications: The Big Ideas Behind Reliable, Scalable, and Maintainable Systems","by Martin Kleppmann",44.20,4.7
"Data Smart: Using Data Science to Transform Information into Insight","by John W. Foreman",59.25,4.5
"Infinity Dragonfly - Renegade Souls - 6","by Zak Webber",2.76,
"A Tour of Data Science: Learn R and Python in Parallel","by Nailong Zhang",94.99,4.0
"Data Science: Concepts and Practice","by Vijay Kotu and Bala Deshpande",69.52,4.6
"Data Engineering with Python: Work with massive datasets to design data models and automate data pipelines using Python","by Paul Crickard",51.99,4.1
"Data Communications And Networking","by Behrouz A. Forouzan",163.51,4.2
"Data Modeling for the Business: A Handbook for Aligning the Business with IT using High-Level Data Models","by Steve Hoberman, Donna Burbank, et al.",57.95,4.0
"The Chessmen of Mars Illustrated","by Edgar Rice Burroughs",4.19,4.5
"Better Data Visualizations: A Guide for Scholars, Researchers, and Wonks","by Jonathan Schwabish",36.25,4.7
"Quantitative Social Science Data with R: An Introduction","by Brian Fogarty",69.21,4.9
"Python Data Science Essentials: A practitioner’s guide covering essential data science principles, tools, and techniques, 3rd Edition","by Luca Massaron and Alberto Boschetti",67.09,5.0
"Invisible Women: Exposing Data Bias in a World Designed for Men","by Caroline Criado Perez",15.99,4.7
"Introduction to the basics of computer science: A book written for absolute beginners in the field of computer science who want to deepen their ed-ucation in cybersecurity","by sec Byte",6.87,
"Remote Sensing and GIS for Ecologists: Using Open Source Software","by Martin Wegmann, Benjamin Leutner, et al.",78.09,4.6
"The Book of R: A First Course in Programming and Statistics","by Tilman M. Davies",77.09,4.5
"The Data Model Resource Book: Volume 3: Universal Patterns for Data Modeling","by Len Silverston and Paul Agnew",78.87,4.3
"Data & Information Technology: Data Governance, Marketing Analytics, Information Management, Management Consulting, Critical Failures, Decision Science, Leadership Strategy and Management Tactics.","by Jerry Ramonyai",0.00,
"The Python Bible 7 in 1: Volumes One To Seven (Beginner, Intermediate, Data Science, Machine Learning, Finance, Neural Networks, Computer Vision)","by Florian Dedov",58.07,4.6
"Algorithms","by Panos Louridas",19.25,4.6
"Model-Based Clustering and Classification for Data Science: With Applications in R: 50","by Charles Bouveyron, Gilles Celeux, et al.",92.09,5.0
"Excel 2021: The Key To Becoming an Excel Master in Less Than 30 Minutes a Day | A Complete Step-by-Step Guide from Beginner to Expert Thanks to Unique Smart Method + Practical Examples","by Eugene Gates",0.00,4.2
"Probability and Statistics for Data Science: Math + R + Data","by Norman Matloff",98.82,4.0
"Practical Web Scraping for Data Science: Best Practices and Examples with Python","by Seppe vanden Broucke and Bart Baesens",36.15,4.3
"Data Science for Transport: A Self-Study Guide with Computer Exercises","by Charles Fox",129.00,4.0
"Stanley Thornes Primary Maths - Level 3 Data Handling Textbook: Data Handling Textbook - England","by Sean McArdle, Barry Phillips, et al.",80.04,
"Introduction to Statistical and Machine Learning Methods for Data Science","by Dr. Carlos Andre Reis Andre Reis Pinheiro and Mike Patetta",42.49,
"Fallen #1","by Justin Peniston, Chris B Ehnot, et al.",,
"Python Data Cleaning Cookbook: Modern techniques and Python tools to detect and remove dirty data and extract key insights","by Michael Walker",58.99,4.8
"Data Science: The Complete Guide To Data Science For Beginners: Data Science Books You Should Read","by Wendi Yanofsky",,
"Data Science from Scratch","by Joel Grus",156.17,4.3
"Reading Log Book: Track Book what You Read in this Personal Reading Log Book","by Tsan-Darko Publications",9.85,
"Python Programming: 3 Books in 1: The Complete Beginner’s Guide to Learning the Most Popular Programming Language","by Dylan Penny",35.06,4.1
"Data Science with Jupyter: Master Data Science skills with easy-to-follow Python examples","by Prateek Gupta",11.73,4.0
"Algorithms: An Introduction to The Computer Science & Artificial Intelligence Used to Solve Human Decisions, Advance Technology, Optimize Habits, Learn Faster & Your Improve Life","by Trust Genics",21.77,4.0
"Machine Learning for Beginners: Learn to Build Machine Learning Systems Using Python (English Edition)","by Harsh Bhasin",42.17,3.1
"Amazing Trains: Part 2: A Giant Activity & Coloring Book","by Lindsay Turlan",13.37,
"Machine Learning in Business: An Introduction to the World of Data Science","by John C Hull",42.15,
"Python for Data Science: A Guide to Learn in Depth How to Use This Programming Language to Reorder Data While Remaining Focused on Your Specific Purposes.","by Dylan Penny",22.58,4.8
"Python for Data Analysis: A Practical Guide for Manipulating, Processing, Cleaning, and Crunching Data Sets in Python. How to Effectively Solve a Wide Range of Data Analysis Problems.","by Dylan Penny",23.36,4.3
"Introduction to Statistical and Machine Learning Methods for Data Science","by Dr. Carlos Andre Reis Andre Reis Pinheiro and Mike Patetta",42.49,
"Python Data Cleaning Cookbook: Modern techniques and Python tools to detect and remove dirty data and extract key insights","by Michael Walker",58.99,4.8
"Data Science from Scratch","by Joel Grus",156.17,4.3
"Infinity Dragonfly - Renegade Souls - 6","by Zak Webber",2.76,
"Bayesian Data Analysis for the Behavioral and Neural Sciences: Non-Calculus Fundamentals","by Todd E. Hudson",112.98,
"Managing Data Science: Effective strategies to manage data science projects and build a sustainable team","by Kirill Dubovikov",58.51,3.7
"Data Analytics: 4 Books in 1- Bible of 4 Manuscipts- Beginner's Guide+ Tips and Tricks+ Effective Strategies+ Best Practices to Learn Data Analytics Efficiently","by Daniel Jones",48.36,5.0
"Data Structures and Algorithm Analysis in C++, Third Edition","by CLIFFORD A SHAFFER",,4.4
"The Ascent of Information: Books, Bits, Genes, Machines, and Life's Unending Algorithm","by Caleb Scharf",38.06,5.0
"The Chessmen of Mars Illustrated","by Edgar Rice Burroughs",4.19,4.5
"Snowflake Cookbook: Techniques for building modern cloud data warehousing solutions","by Hamid Mahmood Qureshi and Hammad Sharif",51.99,4.3
"Data Science For Dummies","by Lillian Pierson and Jake Porway",22.75,4.4
"Python: This book includes : Python basics for Beginners + Python Automation Techniques And Web Scraping + Python For Data Science And Machine Learning","by Andy Vickler",74.45,5.0
"The Data Detective: Ten Easy Rules to Make Sense of Statistics","by Tim Harford",38.49,4.5
"Introduction to the basics of computer science: A book written for absolute beginners in the field of computer science who want to deepen their ed-ucation in cybersecurity","by sec Byte",6.87,
"Introduction to Statistics and Data Analysis: With Exercises, Solutions and Applications in R","by Christian Heumann, Michael Schomaker, et al.",113.00,5.0
"Python For Beginners: Learn From Scratch the Most Used Programming Language of the Moment in Just 15 Days.","by Dylan Penny",23.36,4.0
"Big History - A Journey From The Big Bang To The Modern World And Into The Future","by Mr Giuseppe Ferrone",43.99,
"Not Necessarily Rocket Science: A Beginner's Guide to Life in the Space Age","by Kellie Gerardi",15.10,4.8
"Quantum Physics For Beginners: The Step by Step Guide To Discover All The Mind-Blowing Secrets Of Quantum Physics And How You Unknowingly Use Its Most Famous Theories Every Day","by Michael Rutherford",20.99,4.8
"A Descriptive Catalogue of the Musical Manuscript Collection of the National Library of Greece: Byzantine Chant and Other Music Repertory Recovered","by DianeH. Touliatos-Miles",230.01,
"Azure Data Factory Cookbook: Build and manage ETL and ELT pipelines with Microsoft Azure's serverless data integration service","by Dmitry Anoshin, Dmitry Foshin, et al.",58.99,4.2
"Data & Information Technology: Data Governance, Marketing Analytics, Information Management, Management Consulting, Critical Failures, Decision Science, Leadership Strategy and Management Tactics.","by Jerry Ramonyai",0.00,
"Mining the Social Web, 3e: Data Mining Facebook, Twitter, Linkedin, Instagram, Github, and More","by Matthew A Russell",41.59,4.2
"Data Science Strategy For Dummies","by Ulrika J&auml;gare",40.15,4.3
"The Economics of Data, Analytics, and Digital Transformation: The theorems, laws, and empowerments to guide your organization's digital transformation","by Bill Schmarzo and Kirk Borne",38.99,4.2
"Big Data & Information Technology: Data Governance, Marketing Analytics, Information Management, Management Consulting, Critical Failures, Decision Science, Leadership Strategy & Management Tactics.","by Jerry Ramonyai",0.00,
"Modeling the Agile Data Warehouse with Data Vault","by Hans Hultgren",133.76,4.6
"Forecasting Time Series Data with Facebook Prophet: Build, improve, and optimize time series forecasting models using the advanced forecasting tool","by Greg Rafferty",71.53,4.6
"Hands-On Data Science for Marketing: Improve your marketing strategies with machine learning using Python and R","by Yoon Hyup Hwang",64.89,4.5
"Qualitative Data Analysis: A Methods Sourcebook 4ed","by Matthew B. Miles",135.59,4.7
"Naruto: The Official Character Data Book","by Masashi Kishimoto",,4.8
"Fallen #1","by Justin Peniston, Chris B Ehnot, et al.",,
"Discovering Computers ©2018: Digital Technology, Data, and Devices","by Misty E. Vermaat, Susan L. Sebok, et al.",138.64,4.3
"Data Science: The Complete Guide To Data Science For Beginners: Data Science Books You Should Read","by Wendi Yanofsky",,
"Hands-on Machine Learning with Scikit-Learn, Keras, and TensorFlow: Concepts, Tools, and Techniques to Build Intelligent Systems","by Aurelien Geron",40.43,4.8
"Malware Data Science: Attack Detection and Attribution","by JOSHUA SAXE",57.11,4.5
"SQL QuickStart Guide: The Simplified Beginner's Guide to Managing, Analyzing, and Manipulating Data With SQL","by Walter Shields",36.47,4.5
"Stanley Thornes Maths Level 2 Data Handling Textbook: Data Handling Textbook - England","by Buchanan et al",21.45,
"Data Means Business: Level up your organisation to adapt, evolve and scale in an ever-changing world","by Jason Foster and Barry Green",29.69,3.8
"Operations Strategy: Operations Handbook, Management, Leadership, Research, Data, Manager Skills, Processes, Consulting Tools, Supply Chain, Excellence Gap, Smart Solutions, Change & Finance Basics.","by Jerry Ramonyai",0.00,
"Statistical Foundations of Data Science","by Jianqing Fan, Runze Li, et al.",213.58,4.5
"Kimball's Data Warehouse Toolkit Classics: 3 Volume Set","by Ralph Kimball, Margy Ross, et al.",156.93,4.6
"Dogs and Data Science","by Camille Denning and Thatcher Emily",,5.0
"A Programmer's Guide to Computer Science: A virtual degree for the self-taught developer","by Dr. William M Springer II, Brit Springer, et al.",43.19,4.5
"The Data Warehouse Toolkit: The Definitive Guide to Dimensional Modeling","by Ralph Kimball and Margy Ross",63.75,4.5
"Customer Centric: Customer Service, Support, Care, Acquisition, Selling Analytics, Data Driven Platform, Insight Development Success, Experience Management, Behaviour Manager, Engagement & Loyalty.","by Jerry Ramonyai",0.00,
"The Elements of Statistical Learning: Data Mining, Inference, andPrediction 2e: Data Mining, Inference, and Prediction, Second Edition","by Hastie; Tibshirani; Friedman",49.00,4.5
"Analysis of Categorical Data with R: 113","by Christopher R. Bilder and Thomas M. Loughin",141.00,4.6
"SPSS Survival Manual: A step by step guide to data analysis using IBM SPSS","by Julie Pallant",42.00,4.8
"Building a Scalable Data Warehouse with Data Vault 2.0","by Dan Linstedt and Michael Olschimke",69.25,4.5
"Growth Hacking: Marketing, Branding, Selling, Social Media Psychology, Data Analytics, Customer Experience, Competitive Advantage, Lean Startup Strategy, Online, Internet & Digital Transformation.","by Jerry Ramonyai",0.00,
"Python Programming: 3 Books in 1: The Complete Beginner’s Guide to Learning the Most Popular Programming Language","by Dylan Penny",35.06,4.1
"Data Science with Jupyter: Master Data Science skills with easy-to-follow Python examples","by Prateek Gupta",11.73,4.0
"Algorithms: An Introduction to The Computer Science & Artificial Intelligence Used to Solve Human Decisions, Advance Technology, Optimize Habits, Learn Faster & Your Improve Life","by Trust Genics",21.77,4.0
"Machine Learning for Beginners: Learn to Build Machine Learning Systems Using Python (English Edition)","by Harsh Bhasin",42.17,3.1
"Amazing Trains: Part 2: A Giant Activity & Coloring Book","by Lindsay Turlan",13.37,
"Machine Learning in Business: An Introduction to the World of Data Science","by John C Hull",42.15,
"Python for Data Analysis: A Practical Guide for Manipulating, Processing, Cleaning, and Crunching Data Sets in Python. How to Effectively Solve a Wide Range of Data Analysis Problems.","by Dylan Penny",23.36,4.3
"Python for Data Science: A Guide to Learn in Depth How to Use This Programming Language to Reorder Data While Remaining Focused on Your Specific Purposes.","by Dylan Penny",22.58,4.8
"All The Things I Was Right About: Funny Blank Lined Journal Coworker Notebook , planner for employees,Great Coworker Birthday Gift Idea For men and women: 6x9 inches 110pages","by 7ATABE Store",8.91,
"An Introduction to Data Analysis using Aggregation Functions in R","by Simon James",101.63,5.0
"Python for Programmers with Big Data and Artificial Intelligence Case Studies","by Harvey Deitel, Paul & Deitel",65.63,4.4
"Create A Wordpress Website: Build Any Type Of Website Imaginable With Zero Programming Skills: Using Wordpress To Create A Website","by Chung Soulard",0.00,
"Beginning Mathematica and Wolfram for Data Science: Applications in Data Analysis, Machine Learning, and Neural Networks","by Jalil Villalobos Alva",64.99,5.0
"Machine Learning and Data Science Blueprints for Finance: From Building Trading Strategies to Robo-Advisors Using Python","by Hariom Tatsat",82.07,4.0
"Introduction to Data Mining","by Pang-Ning Tan, Michael Steinbach, et al.",248.00,3.7
"Analytical Skills for AI and Data Science: Building Skills for an Ai-Driven Enterprise","by Daniel Vaughan",,4.5
"Python Programming: The Complete Crash Course for Beginners to Mastering Python with Practical Applications to Data Analysis & Analytics, Machine Learning and Data Science Projects - 6 Books in 1","by Andrew Park",0.00,4.4
"Business Strategies In The Digital Age: The Business Model And Delivery Mechanism Needed To Thrive: Digital Transformation","by Dee Pribnow",0.00,
"ggplot2: Elegant Graphics for Data Analysis","by Hadley Wickham",84.99,4.4
"The Model Thinker: What You Need to Know to Make Data Work for You","by Scott E. Page",,4.5
"Data Science Fundamentals for Python and MongoDB","by David Paper",7.26,4.6
"Street Data: A Next-Generation Model for Equity, Pedagogy, and School Transformation","by Shane Safir",55.09,4.8
"Business Model Innovation In The Digital Age: Lead Up To The Strategic Investment Alignment Map: Digital Transformation Strategy","by Thresa Nothstine",0.00,
"Modern Data Science with R","by Benjamin S. Baumer, Daniel T. Kaplan, et al.",,4.8
"Big History - A Journey From The Big Bang To The Modern World And Into The Future","by Mr Giuseppe Ferrone",43.99,
"Python For Beginners: Learn From Scratch the Most Used Programming Language of the Moment in Just 15 Days.","by Dylan Penny",23.36,4.0
"Not Necessarily Rocket Science: A Beginner's Guide to Life in the Space Age","by Kellie Gerardi",15.10,4.8
"Quantum Physics For Beginners: The Step by Step Guide To Discover All The Mind-Blowing Secrets Of Quantum Physics And How You Unknowingly Use Its Most Famous Theories Every Day","by Michael Rutherford",20.99,4.8
"Effective Data Storytelling: How to Drive Change with Data, Narrative and Visuals","by Brent Dykes",43.25,4.7
"Statistical Rethinking: A Bayesian Course with Examples in R and STAN","by Richard McElreath",,4.9
"A Hands-On Introduction to Data Science","by Chirag Shah",,4.9
"Python for Data Science: 2 Books in 1: The Ultimate Step-By-Step Amateur's Exercise to Master Data Science, Machine Learning, and Analysis by Using Python. (Part 1 and 2)","by Freddie Slater",33.21,
"Digital Transformation In Business: Primary Focus Is On The Supply Side Of Digital Technology: Digital Transformation Strategy","by Sherwood Deblauw",0.00,
"Cody's Data Cleaning Techniques Using SAS, Third Edition","by Ron Cody EdD",70.34,3.9
"Data Set Collection: March of the Mini Beasts; Don't Disturb the Dinosaurs; The Sky Is Falling; Robots Rule the School","by Ada Hopper",38.65,4.6
"Data Mining 4E: Practical Machine Learning Tools and Techniques","by Ian Witten, Eibe Frank, et al.",83.25,4.3
"The ABCs of Data Science: By Real Data Scientists, For Future Data Scientists: 6","by Rikin Mathur, Varun Bhartia, et al.",21.11,4.7
"Agile: Agile Done Right, Practice Guide, Marketing, Selling, Leadership Coaching, Auditing, Governance, Development, Data Warehouse Architecture, Design Thinking, Project Management, Scrum & Kanban.","by Jerry Ramonyai",0.00,
"Numerical Python: Scientific Computing and Data Science Applications with Numpy, SciPy and Matplotlib","by Robert Johansson",61.69,4.3
"Beginning Data Science in R: Data Analysis, Visualization, and Modelling for the Data Scientist","by Thomas Mailund",15.79,4.8
"Data Science on the Google Cloud Platform: Implementing End-To-End Real-Time Data Pipelines: From Ingest to Machine Learning","by Valliappa Lakshmanan",82.71,4.3
"Data Structures and Algorithms with Python","by Kent D. Lee and Steve Hubbard",45.70,4.5
"Evaluation Through Pictures: A New Way For Understanding Evaluation: Social Science Research","by Ingrid Frumkin",0.00,
"Enterprise Data Architecture: How to navigate its landscape","by Dave Knifton",49.25,4.4
"Data Science: The Ultimate Guide to Data Analytics, Data Mining, Data Warehousing, Data Visualization, Regression Analysis, Database Querying, Big Data for Business and Machine Learning for Beginners","by Herbert Jones",7.05,4.4
"Chief Data Officer Handbook for Data Governance","by Sunil Soares",26.06,4.2
"Machine Learning: The Most Complete Guide for Beginners to Mastering Deep Learning, Artificial Intelligence and Data Science with Python. This Book Includes: Python Machine Learning and Data Science.","by Andrew Park",15.18,3.5
"IPHONE 12 PHOTOGRAPHY : The Step By Step Manual To Master An Iphone Camera And To Effectively Shoot Cinematic Videos And Photos","by JOSE  DAVICE",0.00,
"MATLAB: A Practical Introduction to Programming and Problem Solving","by Stormy Attaway Ph.D. Boston University",65.88,4.5
"Stanley Thornes Primary Maths - Level 1 Support Data Handling Textbook","by Sean McArdle, Barry Phillips, et al.",21.45,
"Visualizing Health and Healthcare Data: Creating Clear and Compelling Visualizations to "See How You're Doing"","by Lindsay Betzendahl, Cambria Brown, et al.",49.13,4.0
"Everybody Lies: Big Data, New Data, and What the Internet Can Tell Us about Who We Really Are","by Seth Stephens-Davidowitz",33.05,4.4
"Interactive Graphics for Data Analysis: Principles and Examples","by Martin Theus and Simon Urbanek",15.91,
"A Court of Thorns and Roses: The #1 bestselling series","by Sarah J. Maas",8.59,4.5
"Python: 3 books in 1: Beginner's guide, Data science and Machine learning. The easiest guide to get started in Python programming. Unlock your ... and develop your project in just 30 days.","by William Dimick",19.64,4.7
"Accelerate: The Science of Lean Software and Devops: Building and Scaling High Performing Technology Organizations","by Nicole Forsgren Phd, Jez Humble, et al.",,4.5
"Python for Beginners: A Complete Beginner's Guide to Learning Python Quickly","by Daniel  O'Reilly",0.00,4.4
"Calling Bullshit: The Art of Scepticism in a Data-Driven World","by Carl T. Bergstrom and Jevin D. West",19.50,4.6
"The Hundred-Page Machine Learning Book","by Andriy Burkov",57.13,4.6
"People I Want To Punch In The Face: Blank Lined Notebook, Great Funny Gift, Perfect for Notes and Journal, Work Gag Appreciation Gift (6"x9" - 120 pages)","by Funny Notbook",9.71,
"Python Programming: 3 Books in 1: The Complete Beginner’s Guide to Learning the Most Popular Programming Language","by Dylan Penny",35.06,4.1
"Data Science with Jupyter: Master Data Science skills with easy-to-follow Python examples","by Prateek Gupta",11.73,4.0
"Algorithms: An Introduction to The Computer Science & Artificial Intelligence Used to Solve Human Decisions, Advance Technology, Optimize Habits, Learn Faster & Your Improve Life","by Trust Genics",21.77,4.0
"Machine Learning for Beginners: Learn to Build Machine Learning Systems Using Python (English Edition)","by Harsh Bhasin",42.17,3.1
"Amazing Trains: Part 2: A Giant Activity & Coloring Book","by Lindsay Turlan",13.37,
"Machine Learning in Business: An Introduction to the World of Data Science","by John C Hull",42.15,
"Python for Data Analysis: A Practical Guide for Manipulating, Processing, Cleaning, and Crunching Data Sets in Python. How to Effectively Solve a Wide Range of Data Analysis Problems.","by Dylan Penny",23.36,4.3
"Python for Data Science: A Guide to Learn in Depth How to Use This Programming Language to Reorder Data While Remaining Focused on Your Specific Purposes.","by Dylan Penny",22.58,4.8
"Killer Visual Strategies: Engage Any Audience, Improve Comprehension, and Get Amazing Results Using Visual Communication","by Guy Kawasaki and Amy Balliett",33.25,4.5
"Entrepreneur Mindset: Entrepreneurial Leadership, Management, Marketing, Finance, Genius Mindset, Time, Practical Operating System, Managerial Thinking Approach, Behaviour & Product Development.","by Jerry Ramonyai",0.00,
"Algorithms in C, Parts 1-4: Fundamentals, Data Structures, Sorting, Searching","by Robert Sedgewick",81.75,4.1
"Fullstack D3 and Data Visualization: Build beautiful data visualizations with D3","by Amelia Wattenberger and Nate Murray",97.90,4.1
"The Enterprise Big Data Lake: Delivering the Promise of Big Data and Data Science","by Alex Gorelik",79.99,4.2
"HBR Guide to Data Analytics Basics for Managers (HBR Guide Series)","by Harvard Business Review",19.25,4.4
"Machine Learning: The New AI","by Ethem Alpaydin",23.25,4.2
"Weight loss: Diet Motivation, Body Image, Fasting Diet, Exercise, Nutrition, Fitness Explained, Workouts, Weight Lifting, Fat Loss Basics, Training Guide, Health, Relationship and Sexuality.","by Jerry Ramonyai",0.00,
"Data Structures and Algorithms in Python","by Roberto Tamassia, Michael H. Goldwasser, et al.",154.95,4.2
"AWS Certified Data Analytics Study Guide: Specialty (DAS-C01) Exam","by Asif Abbasi",62.25,4.2
"Women in Science: 50 Fearless Pioneers Who Changed the World","by Rachel Ignotofsky",23.09,4.8
"Data Science Projects with Python: A case study approach to successful data science projects using Python, pandas, and scikit-learn","by Stephen Klosterman",50.59,4.4
"Pattern Recognition: 13th Mexican Conference, MCPR 2021, Mexico City, Mexico, June 23–26, 2021, Proceedings (Lecture Notes in Computer Science Book 12725)","by Edgar Roman-Rangel, Ángel Fernando Kuri-Morales, et al.",84.15,
"Ecommerce: Ultimate Guide To Ecommerce Growth, Marketing, Business Analytics, Website Development, SEO, Programming, Management, Power, Tools, Logistics, Niche, Retail Operations & Dropshipping.","by Jerry Ramonyai",0.00,
"Excel 2013 For Dummies","by Greg Harvey",17.35,4.3
"Data Feminism","by Catherine D'Ignazio and Lauren F. Klein",,4.9
"Python For Beginners: Learn From Scratch the Most Used Programming Language of the Moment in Just 15 Days.","by Dylan Penny",23.36,4.0
"Big History - A Journey From The Big Bang To The Modern World And Into The Future","by Mr Giuseppe Ferrone",43.99,
"Quantum Physics For Beginners: The Step by Step Guide To Discover All The Mind-Blowing Secrets Of Quantum Physics And How You Unknowingly Use Its Most Famous Theories Every Day","by Michael Rutherford",20.99,4.8
"Not Necessarily Rocket Science: A Beginner's Guide to Life in the Space Age","by Kellie Gerardi",15.10,4.8
"Targeted: The Cambridge Analytica Whistleblower's Inside Story of How Big Data, Trump, and Facebook Broke Democracy and How It Can Happen Again","by Brittany Kaiser",39.93,4.5
"Measuring Data Quality for Ongoing Improvement: A Data Quality Assessment Framework","by Laura Sebastian-Coleman",77.30,4.4
"Pandas 1.x Cookbook: Practical recipes for scientific computing, time series analysis, and exploratory data analysis using Python, 2nd Edition","by Matt Harrison and Theodore Petrou",51.99,4.2
"Personality: Motivation, Mindfulness, Personal Development, Values, Boundaries, Growth, Knowledge, Lifestyle, Mindset, Ethics 101, Meditation Essentials, Health, Exercise, Fitness Guide & Success.","by Jerry Ramonyai",0.00,
"An Introduction to Generalized Linear Models","by Annette J. Dobson and Adrian G. Barnett",122.50,4.2
"Python for Finance Cookbook: Over 50 recipes for applying modern Python libraries to financial data analysis","by Eryk Lewinson",51.99,4.3
"Statistics for the Trading Floor: Data Science for Investing","by Patrick Boyle",40.03,4.1
"Design Thinking: Design Thinking Toolbox, Product Development Toolkit, Methodology, Training, Creative Problem Solving, Research, Systems, Patterns, Business Strategy, Life Playbook & Sprint Coach.","by Jerry Ramonyai",0.00,
"Applied Predictive Modeling","by Max Kuhn and Kjell Johnson",144.63,4.6
"Building Analytics Teams: Harnessing analytics and artificial intelligence for business improvement","by John K. Thompson and Douglas B. Laney",38.99,4.4
"Expert Data Modeling with Power BI: Get the best out of Power BI by building optimized data models for reporting and business needs","by Soheil Bakhshi and Christian Wade",64.99,
"Stanley Thornes Primary Maths - Level 2 Support Data Handling Textbook","by Sean McArdle, Barry Phillips, et al.",68.80,
"An Introduction to Statistical Learning with Applications in R","by James; Witten; Hastie; Tibshirani",39.89,4.7
"Organizational Development: Organizational Strategy, Structure, Design, Culture, Leadership, Change Management, Communication, People Behavior, Managing, Ethics, Efficiency, Value & Intelligence.","by Jerry Ramonyai",0.00,
"The UX Book: Designing a Quality User Experience: Agile UX Design for a Quality User Experience","by Rex Hartson and Pardha Pyla",76.25,4.3
"Data Science for Executives: Leveraging Machine Intelligence to Drive Business ROI","by Nir Kaldero",40.01,4.1
"Foundation Mathematics for Computer Science: A Visual Approach","by John Vince",74.99,4.2
"DAMA-DMBOK: Data Management Body of Knowledge: 2nd Edition","by DAMA International",94.35,4.7
"Data Analysis Using SQL and Excel","by Gordon S. Linoff",64.35,4.4
"Leadership: Problem Solving, Decision Making, Critical Thinking, Management, Self Discipline, Skill Acquisition, Conflict Resolution, Mentoring, Coaching, Communication, Teamwork and People Skills.","by Jerry Ramonyai",0.00,
"Python Crash Course, 2nd Edition: A Hands-On, Project-Based Introduction to Programming","by Eric Matthes",,4.7
"Microsoft Power BI Complete Reference: Bring your data to life with the powerful features of Microsoft Power BI","by Devin Knight, Brian Knight, et al.",76.99,4.2
"Agile Data Warehouse Design: Collaborative Dimensional Modeling, from Whiteboard to Star Schema","by Lawrence Corr and Jim Stagnitto",40.34,4.6
"Recommender Systems: The Textbook","by Charu C. Aggarwal",95.94,4.4
"Resume Writing, Job Hunting & Interviews.: CV Writing, Job Search, Interview Skills, Techniques, Questions, Answers, Career Development, Advice, Change, Growth, Retirement Planning & Success Magic.","by Jerry Ramonyai",0.00,
"Data Science for Supply Chain Forecasting","by Nicolas Vandeput",43.45,5.0
"Process Mining: Data Science in Action","by Wil M. P. van der Aalst",99.00,4.5
"The Data WarehouseÂ ETL Toolkit: Practical Techniques for Extracting, Cleaning, Conforming, and Delivering Data","by Ralph Kimball and Joe Caserta",72.38,4.4
"Mastering Microsoft Power BI: Expert techniques for effective data analytics and business intelligence","by Brett Powell",71.49,4.3
"All The Things I Was Right About: Funny Blank Lined Journal Coworker Notebook , planner for employees,Great Coworker Birthday Gift Idea For men and women: 6x9 inches 110pages","by 7ATABE Store",8.91,
"KOTLIN AND PYTORCH BASICS: FOR ABSOLUTE BEGINNERS","by TAM SEL",0.00,
"The Design of Everyday Things: Revised and Expanded Edition","by Don Norman",20.25,4.6
"Python Programming: 3 Books in 1: The Complete Beginner’s Guide to Learning the Most Popular Programming Language","by Dylan Penny",35.06,4.1
"Algorithms: An Introduction to The Computer Science & Artificial Intelligence Used to Solve Human Decisions, Advance Technology, Optimize Habits, Learn Faster & Your Improve Life","by Trust Genics",21.77,4.0
"Data Science with Jupyter: Master Data Science skills with easy-to-follow Python examples","by Prateek Gupta",11.73,4.0
"Dino Dana: Dino Field Guide: Pterosaurs and Other Prehistoric Creatures! (Dinosaurs for Kids, Science Book for Kids, Fossils, Prehistoric)","by J.J. Johnson, Colleen Russo Johnson, et al.",15.19,4.9
"SQL QuickStart Guide: The Simplified Beginner's Guide to Managing, Analyzing, and Manipulating Data With SQL","by Walter Shields",36.47,4.5
"Amazing Trains: Part 2: A Giant Activity & Coloring Book","by Lindsay Turlan",13.37,
"Machine Learning in Business: An Introduction to the World of Data Science","by John C Hull",42.15,
"Python for Data Analysis: A Practical Guide for Manipulating, Processing, Cleaning, and Crunching Data Sets in Python. How to Effectively Solve a Wide Range of Data Analysis Problems.","by Dylan Penny",23.36,4.3
"Agile Scrum: Agile Methodology Illustrated, Estimating, Planning, Testing, Product Owner Mindset, Program Management Leader, Retrospectives, Good Teams, Great People Coach & Lean Business Concepts.","by Jerry Ramonyai",0.00,
"Agile Data Warehouse Design: Collaborative Dimensional Modeling, from Whiteboard to Star Schema","by Lawrence Corr and Jim Stagnitto",40.34,4.6
"Recommender Systems: The Textbook","by Charu C. Aggarwal",95.94,4.4
"Data Science for Supply Chain Forecasting","by Nicolas Vandeput",43.45,5.0
"Process Mining: Data Science in Action","by Wil M. P. van der Aalst",99.00,4.5
"The Data WarehouseÂ ETL Toolkit: Practical Techniques for Extracting, Cleaning, Conforming, and Delivering Data","by Ralph Kimball and Joe Caserta",72.38,4.4
"Entrepreneur Mindset: Entrepreneurial Leadership, Management, Marketing, Finance, Genius Mindset, Time, Practical Operating System, Managerial Thinking Approach, Behaviour & Product Development.","by Jerry Ramonyai",0.00,
"Mastering Microsoft Power BI: Expert techniques for effective data analytics and business intelligence","by Brett Powell",71.49,4.3
"People I Want to Punch In The Throat: Blank Lined Notebook, Great Funny Gift, Perfect for Notes and Journal, Work Gag Appreciation Gift (6"x9" - 120 pages)","by Funny Notbook",9.71,
"The Design of Everyday Things: Revised and Expanded Edition","by Don Norman",20.25,4.6
"Naked Statistics: Stripping the Dread From the Data","by Charles Wheelan",11.35,4.6
"Weight loss: Diet Motivation, Body Image, Fasting Diet, Exercise, Nutrition, Fitness Explained, Workouts, Weight Lifting, Fat Loss Basics, Training Guide, Health, Relationship and Sexuality.","by Jerry Ramonyai",0.00,
"Introduction to Algorithms 3ed","by Thomas Cormen, Charles Leiserson, et al.",58.90,4.4
"Fraud Analytics Using Descriptive, Predictive, and Social Network Techniques: A Guide to Data Science for Fraud Detection","by Bart Baesens, Veronique Van Vlasselaer, et al.",78.16,4.0
"Computer Science Distilled: Learn the Art of Solving Computational Problems","by Wladston Ferreira Filho and Raimondo Pictet",36.30,4.5
"Data and Reality: A Timeless Perspective on Perceiving and Managing Information in Our Imprecise World, 3rd Edition","by William Kent and Steve Hoberman",59.40,3.9
"Python For Beginners: Learn From Scratch the Most Used Programming Language of the Moment in Just 15 Days.","by Dylan Penny",23.36,4.0
"Python for Data Science: A Guide to Learn in Depth How to Use This Programming Language to Reorder Data While Remaining Focused on Your Specific Purposes.","by Dylan Penny",22.58,4.8
"Big History - A Journey From The Big Bang To The Modern World And Into The Future","by Mr Giuseppe Ferrone",43.99,
"Quantum Physics For Beginners: The Step by Step Guide To Discover All The Mind-Blowing Secrets Of Quantum Physics And How You Unknowingly Use Its Most Famous Theories Every Day","by Michael Rutherford",20.99,4.8
"Ecommerce: Ultimate Guide To Ecommerce Growth, Marketing, Business Analytics, Website Development, SEO, Programming, Management, Power, Tools, Logistics, Niche, Retail Operations & Dropshipping.","by Jerry Ramonyai",0.00,
"Database Internals: A Deep Dive Into How Distributed Data Systems Work","by Alex Petrov",70.24,4.6
"Solving Problems and Handling Data: Y5/P6","by David Clemson Clemson",69.24,
"Truthful Art, The: Data, Charts, and Maps for Communication","by Alberto Cairo",30.90,4.6
"Personality: Motivation, Mindfulness, Personal Development, Values, Boundaries, Growth, Knowledge, Lifestyle, Mindset, Ethics 101, Meditation Essentials, Health, Exercise, Fitness Guide & Success.","by Jerry Ramonyai",0.00,
"Structure And Interpretation O","by Harold Abelson, Gerald Sussman, et al.",96.47,4.7
"Collecting Qualitative Data: A Practical Guide to Textual, Media and Virtual Techniques","by Virginia Braun, Victoria Clarke, et al.",54.95,4.7
"Cloud Computing For Dummies","by Judith S. Hurwitz and Daniel Kirsch",43.25,4.3
"Design Thinking: Design Thinking Toolbox, Product Development Toolkit, Methodology, Training, Creative Problem Solving, Research, Systems, Patterns, Business Strategy, Life Playbook & Sprint Coach.","by Jerry Ramonyai",0.00,
"Bitcoin and Cryptocurrency Technologies: A Comprehensive Introduction","by Arvind Narayanan, Joseph Bonneau, et al.",68.95,4.5
"Building Data Centers with VXLAN BGP EVPN: A Cisco NX-OS Perspective","by Lukas Krattiger, Shyam Kapadia, et al.",65.63,4.5
"Proofs from THE BOOK","by Martin Aigner, Günter M. Ziegler, et al.",136.56,4.8
"Grokking Algorithms: An Illustrated Guide for Programmers and Other Curious People","by Aditya Bhargava",54.34,4.6
"Organizational Development: Organizational Strategy, Structure, Design, Culture, Leadership, Change Management, Communication, People Behavior, Managing, Ethics, Efficiency, Value & Intelligence.","by Jerry Ramonyai",0.00,
"Introduction to Machine Learning with Python: A Guide for Data Scientists","by Sarah Guido",56.45,4.5
"The Chief Data Officer Management Handbook: Set Up and Run an Organization's Data Supply Chain","by Martin Treder",49.75,4.5
"Doing Bayesian Data Analysis 2E: A Tutorial with R, Jags, and Stan","by John Kruschke",105.95,4.6
"The Python Workshop: Learn to code in Python and kickstart your career in software development or data science","by Andrew Bird, Dr Lau Cher Han, et al.",38.99,4.5
"Leadership: Problem Solving, Decision Making, Critical Thinking, Management, Self Discipline, Skill Acquisition, Conflict Resolution, Mentoring, Coaching, Communication, Teamwork and People Skills.","by Jerry Ramonyai",0.00,
"A Primer on Scientific Programming with Python 5e: 6","by Langtangen H P",78.52,4.6
"Salesforce Architect's Handbook: A Comprehensive End-to-End Solutions Guide","by Dipanker Jyoti and James A. Hutcherson",73.92,4.5
"Analytics: Data Science, Data Analysis and Predictive Analytics for Business","by Daniel Covington",37.39,3.7
"Resume Writing, Job Hunting & Interviews.: CV Writing, Job Search, Interview Skills, Techniques, Questions, Answers, Career Development, Advice, Change, Growth, Retirement Planning & Success Magic.","by Jerry Ramonyai",0.00,
"Beautiful Data: A History of Vision and Reason since 1945","by Orit Halpern",39.60,4.8
"Statistics (the Easier Way) with R, 3rd Ed: an informal text on statistics and data science","by N M Radziwill and M C Benton",54.33,4.2
"Data Wrangling with R","by Ph.D. Bradley C. Boehmke",38.17,4.8
"Python for Data Science: 2 Books in 1. A Practical Beginner's Guide to learn Python Programming, introducing into Data Analytics, Machine Learning, Web Development, with Hands-on Projects","by ERICK THOMPSON",25.25,5.0
"Non-Invasive Data Governance: The Path of Least Resistance and Greatest Success","by Robert S. Seiner",48.46,4.6
"Python for Absolute Beginners: Rocket through the basics in an afternoon (Python for Data Science Book 1)","by Oliver Theobald",2.76,
"KOTLIN AND PYTORCH BASICS: FOR ABSOLUTE BEGINNERS","by TAM SEL",0.00,
"Qualitative Data Analysis with NVivo 3ed","by Kristi Jackson",66.49,4.6
"The Elephant in the Fridge: Guided Steps to Data Vault Success through Building Business-Centered Models","by John Giles",52.06,4.2
"Python Programming: 3 Books in 1: The Complete Beginner’s Guide to Learning the Most Popular Programming Language","by Dylan Penny",35.06,4.1
"Not Necessarily Rocket Science: A Beginner's Guide to Life in the Space Age","by Kellie Gerardi",15.10,4.8
"The Workshop Survival Guide: How to design and teach educational workshops that work every time","by Rob Fitzpatrick, Devin Hunt, et al.",11.99,4.6
"Data Science with Jupyter: Master Data Science skills with easy-to-follow Python examples","by Prateek Gupta",11.73,4.0
"SQL QuickStart Guide: The Simplified Beginner's Guide to Managing, Analyzing, and Manipulating Data With SQL","by Walter Shields",36.47,4.5
"Amazing Trains: Part 2: A Giant Activity & Coloring Book","by Lindsay Turlan",13.37,
"Machine Learning in Business: An Introduction to the World of Data Science","by John C Hull",42.15,
"Python for Data Analysis: A Practical Guide for Manipulating, Processing, Cleaning, and Crunching Data Sets in Python. How to Effectively Solve a Wide Range of Data Analysis Problems.","by Dylan Penny",23.36,4.3
"Cribsheet: A Data-Driven Guide to Better, More Relaxed Parenting, from Birth to Preschool","by Emily Oster",19.31,4.7
"Data Science for Marketing Analytics: Achieve your marketing goals with the data analytics power of Python","by Tommy Blanchard, Debasish Behera, et al.",57.19,4.1
"Fluid Mechanic: The Computational Prowess In Fluid Flow: Computational Fluid Dynamics Overview","by Rosalind Christmann",0.00,
"Interactive Web-Based Data Visualization with R, plotly, and shiny","by Carson Sievert",123.83,4.8
"Data Analysis with R: Write Your Own Functions and Simulations","by Garrett Grolemund",54.05,4.5
"Privacy is Power: Why and How You Should Take Back Control of Your Data","by Carissa Véliz",23.09,4.5
"Statistics 101: From Data Analysis and Predictive Modeling to Measuring Distribution and Determining Probability, Your Essential Guide to Statistics","by David Borman",20.25,4.4
"CFD Model: Get To Know About Computational Fluid Dynamics: Computational Fluid Dynamics","by Yung Hutmacher",0.00,
"Learning Spark: Lightning-Fast Data Analytics","by Jules Damji",73.22,4.8
"Data Matching: Concepts and Techniques for Record Linkage, Entity Resolution, and Duplicate Detection","by Peter Christen",58.99,4.2
"Immune: The new book from Kurzgesagt - a gorgeously illustrated deep dive into the immune system","by Philipp Dettmer",19.99,
"Python One-Liners: Write Concise, Eloquent Python Like a Professional","by Christian Mayer",50.05,4.8
"Deep Learning Illustrated: A Visual, Interactive Guide to Artificial Intelligence","by Jon Krohn",62.25,4.5
"You Should Test That: Conversion Optimization for More Leads, Sales and Profit or The Art and Science of Optimized Marketing","by Chris Goward",44.33,4.6
"The noble Polish Zielonka family. Die adlige polnische Familie Zielonka. (French Edition)","French editionby Werner Zurek",5.49,
"Data Visualisation with R: 111 Examples","by Thomas Rahlf",95.19,4.5
"Python For Beginners: Learn From Scratch the Most Used Programming Language of the Moment in Just 15 Days.","by Dylan Penny",23.36,4.0
"Python for Data Science: A Guide to Learn in Depth How to Use This Programming Language to Reorder Data While Remaining Focused on Your Specific Purposes.","by Dylan Penny",22.58,4.8
"Big History - A Journey From The Big Bang To The Modern World And Into The Future","by Mr Giuseppe Ferrone",43.99,
"Quantum Physics For Beginners: The Step by Step Guide To Discover All The Mind-Blowing Secrets Of Quantum Physics And How You Unknowingly Use Its Most Famous Theories Every Day","by Michael Rutherford",20.99,4.8
"Dispatches from the Vaccine Wars: Fighting for Human Freedom During the Great Reset (Children’s Health Defense)","by Christopher A. Shaw",28.99,
"Python for Finance 2e: Mastering Data-Driven Finance","by Yves Hilpisch",77.00,4.6
"Python Programming: 3 Books in 1: The Complete Beginner’s Guide to Learning the Most Popular Programming Language","by Dylan Penny",35.06,4.1
"Not Necessarily Rocket Science: A Beginner's Guide to Life in the Space Age","by Kellie Gerardi",15.10,4.8
"The Workshop Survival Guide: How to design and teach educational workshops that work every time","by Rob Fitzpatrick, Devin Hunt, et al.",11.99,4.6
"Data Science with Jupyter: Master Data Science skills with easy-to-follow Python examples","by Prateek Gupta",11.73,4.0
